date	channel	slug	main_keyword	title
2026-09-11	naver	2026-09-11-hwanjeolgi-gamgi		
2026-09-11	naver	2026-09-11-yeoreum-ibul		여름이불 그냥 넣으면 내년에 냄새납니다
2026-09-12	naver	2026-09-12-aircon-cover	에어컨 청소	에어컨 청소 안 하고 덮으면 내년에 생기는 일
2026-10-01	naver	2026-10-01-boiler-jeomgeom	보일러 점검	보일러 점검, 첫 가동 전 확인할 다섯 가지
2026-10-01	naver	2026-10-01-daeha-jecheol	대하 제철	대하 제철 언제까지 맛있나요?
2026-10-01	naver	2026-10-01-dokgam-75	독감 무료접종	독감 무료접종 75세 이상 언제부터인가요?
2026-10-01	naver	2026-10-01-gaeul-camping	가을 캠핑	가을 캠핑 추위, 준비물 뭘 더 챙기나요?
2026-10-01	naver	2026-10-01-otjang-jeongri	옷장 정리	옷장 정리, 10월엔 맨 앞줄만 바꿔 보세요
2026-10-02	naver	2026-10-02-bam-salmgi	밤 삶는 법	밤 삶는 법, 밤 삶는 시간과 껍질 잘 까지는 요령에 밤 보관까지
2026-10-02	naver	2026-10-02-daecheo-gonghyuil	개천절 대체공휴일	개천절 대체공휴일 10월 5일, 병원·약국 문 여는 곳과 은행 영업
2026-10-02	naver	2026-10-02-danpung-jeoljeong	단풍 절정 시기	단풍 절정 시기 2026, 설악산 단풍·내장산 단풍 언제 가면 좋을까
2026-10-02	naver	2026-10-02-deungsan-stick	등산스틱	등산스틱 사용법, 오르막·내리막 길이 조절로 무릎 편하게 쓰기
2026-10-02	naver	2026-10-02-gaseupgi-sechuk	가습기 세척	가습기 세척 방법, 가습기 청소 주기와 구연산 물때 제거법
2026-10-02	naver	2026-10-02-gingeup-chuldong	자동차보험 긴급출동	자동차보험 긴급출동 특약 횟수, 자동차 배터리 방전 때 부르기 전 확인
2026-10-02	naver	2026-10-02-goguma-bogwan	고구마 보관법	고구마 보관법, 냉장고 보관 안 되는 이유와 고구마 싹 막는 법
2026-10-02	naver	2026-10-02-jeoneo-gui	전어구이	전어구이 하는법·먹는법, 에어프라이어로 냄새 덜 나게 굽기
2026-10-02	naver	2026-10-02-siwol-jecheol	10월 제철 음식	10월 제철 음식, 제철 해산물과 제철 과일 맛있게 고르는 요령과 손질법
2026-10-03	naver	2026-10-03-eoksae-myeongso	억새 명소	억새 명소 하늘공원 억새축제 일정과 억새 절정 시기, 언제 가야 예쁠까
2026-10-03	naver	2026-10-03-hyugeso-eumsik	고속도로 휴게소 음식	고속도로 휴게소 음식 대표 메뉴와 식사 시간, 연휴에 덜 기다리는 방법
2026-10-03	naver	2026-10-03-jolum-unjeon	졸음쉼터	졸음쉼터 찾는 법, 장거리 운전 졸음 올 때 환기와 15분 쉬기
2026-10-03	naver	2026-10-03-pink-muhly	핑크뮬리 명소	핑크뮬리 명소 가기 전에, 핑크뮬리 시기와 사진 예쁘게 찍는 시간
2026-10-03	naver	2026-10-03-tent-gyeolro	텐트 결로	텐트 결로 방지, 가을밤 캠핑 환기로 물방울 줄이는 법
2026-10-04	naver	2026-10-04-hwabun-gyeoulnagi	관엽식물 겨울나기	관엽식물 겨울나기, 베란다 화분 들여놓는 시기와 겨울 물주기 요령
2026-10-04	naver	2026-10-04-ppallae-swinnae	빨래 쉰내	빨래 쉰내 제거, 수건 건조와 세제 양 바꾸는 법
2026-10-04	naver	2026-10-04-sagwa-bogwan	사과 보관법	사과 보관법, 김치냉장고에 다른 과일과 따로 두는 이유
2026-10-04	naver	2026-10-04-setakjo-cheongso	세탁조 청소	세탁조 청소 순서, 통살균 코스와 고무패킹 곰팡이 닦는 법
2026-10-04	naver	2026-10-04-silson-cheonggu-gigan	실손보험 청구 기간	실손보험 청구 기간 3년, 소멸시효 지나기 전 실손24로 챙기기
2026-10-03	tistory	2026-10-03-chamulmi-yebang	차멀미 예방	차멀미 예방, 앞좌석 고르기와 환기·멀미약 챙기는 순서
2026-10-03	tistory	2026-10-03-chimnang-ondo	침낭 고르는 법	침낭 고르는 법, 컴포트 온도 읽는 순서와 다운 침낭 차이 정리
2026-10-03	tistory	2026-10-03-deungsan-otcharim	가을 등산 옷차림	가을 등산 옷차림, 일교차 큰 날 바람막이까지 겹쳐 입는 순서
2026-10-03	tistory	2026-10-03-nadeuri-dosirak	나들이 도시락	나들이 도시락, 김밥 싸는 순서와 보냉백·아이스팩 넣는 법
2026-10-03	tistory	2026-10-03-unjeon-stretching	장거리 운전 스트레칭	장거리 운전 스트레칭, 휴게소에서 허리·목 풀어 주는 순서
2026-10-05	naver	2026-10-05-araetjip-nusu	아랫집 누수	아랫집 누수, 일상생활배상책임 보험 되는 경우와 누수 원인 확인하는 법
2026-10-05	naver	2026-10-05-hwanjeolgi-biyeom	환절기 비염	환절기 비염, 아침 재채기와 코막힘 줄이는 집먼지진드기 관리법
2026-10-05	naver	2026-10-05-ilju-sikdan	일주일 식단	일주일 식단 짜는 법, 가을 제철 재료로 집밥 메뉴와 장보기 한 번에
2026-10-05	naver	2026-10-05-kkotge-sonjil	꽃게 손질법	꽃게 손질법, 꽃게 제철 수꽃게 고르기부터 솔로 씻는 순서
2026-10-05	naver	2026-10-05-seonpunggi-cheongso	선풍기 청소	선풍기 청소, 선풍기 분해부터 날개 닦고 선풍기 보관까지 순서대로
2026-10-05	tistory	2026-10-05-bap-naengdong	밥 냉동 보관법	밥 냉동 보관법, 냉동밥 소분하고 맛있게 데우는 법
2026-10-05	tistory	2026-10-05-ilbaechaek-beomwi	일상생활배상책임	일상생활배상책임 보장 범위, 피보험자 가족 범위와 자전거 사고 되는지
2026-10-05	tistory	2026-10-05-jeseupgi-bogwan	제습기 보관법	제습기 보관법, 제습기 물통과 필터 청소 마치고 넣어 두는 순서
2026-10-05	tistory	2026-10-05-kkotge-bogwan	꽃게 보관법	꽃게 보관법, 꽃게 냉동 손질과 해동하는 순서
2026-10-05	tistory	2026-10-05-kosecheok-bangbeop	코세척 방법	코세척 방법, 식염수 코세척 물 만들기와 비염 때 주의할 점
